<?xml version="1.0" encoding="UTF-8"?>
<configurationDescriptor version="65">
  <logicalFolder name="root" displayName="root" projectFiles="true">
    <logicalFolder name="HeaderFiles"
                   displayName="Header Files"
                   projectFiles="true">
      <logicalFolder name="config" displayName="config" projectFiles="true">
        <itemPath>config/hpl_cmcc_config.h</itemPath>
        <itemPath>config/hpl_dmac_config.h</itemPath>
        <itemPath>config/hpl_gclk_config.h</itemPath>
        <itemPath>config/hpl_mclk_config.h</itemPath>
        <itemPath>config/hpl_osc32kctrl_config.h</itemPath>
        <itemPath>config/hpl_oscctrl_config.h</itemPath>
        <itemPath>config/hpl_port_config.h</itemPath>
        <itemPath>config/hpl_sercom_config.h</itemPath>
        <itemPath>config/peripheral_clk_config.h</itemPath>
      </logicalFolder>
      <logicalFolder name="examples" displayName="examples" projectFiles="true">
        <itemPath>examples/driver_examples.h</itemPath>
      </logicalFolder>
      <logicalFolder name="hal" displayName="hal" projectFiles="true">
        <logicalFolder name="include" displayName="include" projectFiles="true">
          <itemPath>hal/include/hal_atomic.h</itemPath>
          <itemPath>hal/include/hal_cache.h</itemPath>
          <itemPath>hal/include/hal_delay.h</itemPath>
          <itemPath>hal/include/hal_gpio.h</itemPath>
          <itemPath>hal/include/hal_init.h</itemPath>
          <itemPath>hal/include/hal_io.h</itemPath>
          <itemPath>hal/include/hal_sleep.h</itemPath>
          <itemPath>hal/include/hpl_cmcc.h</itemPath>
          <itemPath>hal/include/hpl_core.h</itemPath>
          <itemPath>hal/include/hpl_delay.h</itemPath>
          <itemPath>hal/include/hpl_dma.h</itemPath>
          <itemPath>hal/include/hpl_gpio.h</itemPath>
          <itemPath>hal/include/hpl_i2c_m_async.h</itemPath>
          <itemPath>hal/include/hpl_i2c_m_sync.h</itemPath>
          <itemPath>hal/include/hpl_i2c_s_async.h</itemPath>
          <itemPath>hal/include/hpl_i2c_s_sync.h</itemPath>
          <itemPath>hal/include/hpl_init.h</itemPath>
          <itemPath>hal/include/hpl_irq.h</itemPath>
          <itemPath>hal/include/hpl_ramecc.h</itemPath>
          <itemPath>hal/include/hpl_sleep.h</itemPath>
          <itemPath>hal/include/hpl_spi.h</itemPath>
          <itemPath>hal/include/hpl_spi_async.h</itemPath>
          <itemPath>hal/include/hpl_spi_sync.h</itemPath>
          <itemPath>hal/include/hpl_usart.h</itemPath>
          <itemPath>hal/include/hal_usart_sync.h</itemPath>
          <itemPath>hal/include/hpl_missing_features.h</itemPath>
          <itemPath>hal/include/hpl_reset.h</itemPath>
          <itemPath>hal/include/hpl_spi_m_async.h</itemPath>
          <itemPath>hal/include/hpl_spi_m_dma.h</itemPath>
          <itemPath>hal/include/hpl_spi_m_sync.h</itemPath>
          <itemPath>hal/include/hpl_spi_s_async.h</itemPath>
          <itemPath>hal/include/hpl_spi_s_sync.h</itemPath>
          <itemPath>hal/include/hpl_usart_async.h</itemPath>
          <itemPath>hal/include/hpl_usart_sync.h</itemPath>
        </logicalFolder>
        <logicalFolder name="utils" displayName="utils" projectFiles="true">
          <logicalFolder name="include" displayName="include" projectFiles="true">
            <itemPath>hal/utils/include/compiler.h</itemPath>
            <itemPath>hal/utils/include/err_codes.h</itemPath>
            <itemPath>hal/utils/include/events.h</itemPath>
            <itemPath>hal/utils/include/utils.h</itemPath>
            <itemPath>hal/utils/include/utils_assert.h</itemPath>
            <itemPath>hal/utils/include/utils_event.h</itemPath>
            <itemPath>hal/utils/include/utils_increment_macro.h</itemPath>
            <itemPath>hal/utils/include/utils_list.h</itemPath>
            <itemPath>hal/utils/include/utils_repeat_macro.h</itemPath>
            <itemPath>hal/utils/include/parts.h</itemPath>
          </logicalFolder>
        </logicalFolder>
      </logicalFolder>
      <logicalFolder name="hpl" displayName="hpl" projectFiles="true">
        <logicalFolder name="core" displayName="core" projectFiles="true">
          <itemPath>hpl/core/hpl_core_port.h</itemPath>
        </logicalFolder>
        <logicalFolder name="gclk" displayName="gclk" projectFiles="true">
          <itemPath>hpl/gclk/hpl_gclk_base.h</itemPath>
        </logicalFolder>
        <logicalFolder name="pm" displayName="pm" projectFiles="true">
          <itemPath>hpl/pm/hpl_pm_base.h</itemPath>
        </logicalFolder>
        <logicalFolder name="port" displayName="port" projectFiles="true">
          <itemPath>hpl/port/hpl_gpio_base.h</itemPath>
        </logicalFolder>
      </logicalFolder>
      <logicalFolder name="hri" displayName="hri" projectFiles="true">
        <itemPath>hri/hri_ac_e51.h</itemPath>
        <itemPath>hri/hri_adc_e51.h</itemPath>
        <itemPath>hri/hri_aes_e51.h</itemPath>
        <itemPath>hri/hri_can_e51.h</itemPath>
        <itemPath>hri/hri_ccl_e51.h</itemPath>
        <itemPath>hri/hri_cmcc_e51.h</itemPath>
        <itemPath>hri/hri_dac_e51.h</itemPath>
        <itemPath>hri/hri_dmac_e51.h</itemPath>
        <itemPath>hri/hri_dsu_e51.h</itemPath>
        <itemPath>hri/hri_e51.h</itemPath>
        <itemPath>hri/hri_eic_e51.h</itemPath>
        <itemPath>hri/hri_evsys_e51.h</itemPath>
        <itemPath>hri/hri_freqm_e51.h</itemPath>
        <itemPath>hri/hri_gclk_e51.h</itemPath>
        <itemPath>hri/hri_hmatrixb_e51.h</itemPath>
        <itemPath>hri/hri_i2s_e51.h</itemPath>
        <itemPath>hri/hri_icm_e51.h</itemPath>
        <itemPath>hri/hri_mclk_e51.h</itemPath>
        <itemPath>hri/hri_nvmctrl_e51.h</itemPath>
        <itemPath>hri/hri_osc32kctrl_e51.h</itemPath>
        <itemPath>hri/hri_oscctrl_e51.h</itemPath>
        <itemPath>hri/hri_pac_e51.h</itemPath>
        <itemPath>hri/hri_pcc_e51.h</itemPath>
        <itemPath>hri/hri_pdec_e51.h</itemPath>
        <itemPath>hri/hri_pm_e51.h</itemPath>
        <itemPath>hri/hri_port_e51.h</itemPath>
        <itemPath>hri/hri_qspi_e51.h</itemPath>
        <itemPath>hri/hri_ramecc_e51.h</itemPath>
        <itemPath>hri/hri_rstc_e51.h</itemPath>
        <itemPath>hri/hri_rtc_e51.h</itemPath>
        <itemPath>hri/hri_sdhc_e51.h</itemPath>
        <itemPath>hri/hri_sercom_e51.h</itemPath>
        <itemPath>hri/hri_supc_e51.h</itemPath>
        <itemPath>hri/hri_tc_e51.h</itemPath>
        <itemPath>hri/hri_tcc_e51.h</itemPath>
        <itemPath>hri/hri_trng_e51.h</itemPath>
        <itemPath>hri/hri_usb_e51.h</itemPath>
        <itemPath>hri/hri_wdt_e51.h</itemPath>
      </logicalFolder>
      <itemPath>driver_init.h</itemPath>
      <itemPath>atmel_start_pins.h</itemPath>
      <itemPath>atmel_start.h</itemPath>
    </logicalFolder>
    <logicalFolder name="LinkerScript"
                   displayName="Linker Files"
                   projectFiles="true">
    </logicalFolder>
    <logicalFolder name="SourceFiles"
                   displayName="Source Files"
                   projectFiles="true">
      <logicalFolder name="examples" displayName="examples" projectFiles="true">
        <itemPath>examples/driver_examples.c</itemPath>
      </logicalFolder>
      <logicalFolder name="gcc" displayName="gcc" projectFiles="true">
        <itemPath>gcc/system_same51.c</itemPath>
      </logicalFolder>
      <logicalFolder name="hal" displayName="hal" projectFiles="true">
        <logicalFolder name="src" displayName="src" projectFiles="true">
          <itemPath>hal/src/hal_atomic.c</itemPath>
          <itemPath>hal/src/hal_cache.c</itemPath>
          <itemPath>hal/src/hal_delay.c</itemPath>
          <itemPath>hal/src/hal_gpio.c</itemPath>
          <itemPath>hal/src/hal_init.c</itemPath>
          <itemPath>hal/src/hal_io.c</itemPath>
          <itemPath>hal/src/hal_sleep.c</itemPath>
          <itemPath>hal/src/hal_usart_sync.c</itemPath>
        </logicalFolder>
        <logicalFolder name="utils" displayName="utils" projectFiles="true">
          <logicalFolder name="src" displayName="src" projectFiles="true">
            <itemPath>hal/utils/src/utils_assert.c</itemPath>
            <itemPath>hal/utils/src/utils_event.c</itemPath>
            <itemPath>hal/utils/src/utils_list.c</itemPath>
            <itemPath>hal/utils/src/utils_syscalls.c</itemPath>
          </logicalFolder>
        </logicalFolder>
      </logicalFolder>
      <logicalFolder name="hpl" displayName="hpl" projectFiles="true">
        <logicalFolder name="cmcc" displayName="cmcc" projectFiles="true">
          <itemPath>hpl/cmcc/hpl_cmcc.c</itemPath>
        </logicalFolder>
        <logicalFolder name="core" displayName="core" projectFiles="true">
          <itemPath>hpl/core/hpl_core_m4.c</itemPath>
          <itemPath>hpl/core/hpl_init.c</itemPath>
        </logicalFolder>
        <logicalFolder name="dmac" displayName="dmac" projectFiles="true">
          <itemPath>hpl/dmac/hpl_dmac.c</itemPath>
        </logicalFolder>
        <logicalFolder name="gclk" displayName="gclk" projectFiles="true">
          <itemPath>hpl/gclk/hpl_gclk.c</itemPath>
        </logicalFolder>
        <logicalFolder name="mclk" displayName="mclk" projectFiles="true">
          <itemPath>hpl/mclk/hpl_mclk.c</itemPath>
        </logicalFolder>
        <logicalFolder name="osc32kctrl" displayName="osc32kctrl" projectFiles="true">
          <itemPath>hpl/osc32kctrl/hpl_osc32kctrl.c</itemPath>
        </logicalFolder>
        <logicalFolder name="oscctrl" displayName="oscctrl" projectFiles="true">
          <itemPath>hpl/oscctrl/hpl_oscctrl.c</itemPath>
        </logicalFolder>
        <logicalFolder name="pm" displayName="pm" projectFiles="true">
          <itemPath>hpl/pm/hpl_pm.c</itemPath>
        </logicalFolder>
        <logicalFolder name="ramecc" displayName="ramecc" projectFiles="true">
          <itemPath>hpl/ramecc/hpl_ramecc.c</itemPath>
        </logicalFolder>
        <logicalFolder name="sercom" displayName="sercom" projectFiles="true">
          <itemPath>hpl/sercom/hpl_sercom.c</itemPath>
        </logicalFolder>
      </logicalFolder>
      <itemPath>main.c</itemPath>
      <itemPath>driver_init.c</itemPath>
      <itemPath>atmel_start.c</itemPath>
    </logicalFolder>
    <logicalFolder name="ExternalFiles"
                   displayName="Important Files"
                   projectFiles="false">
      <itemPath>Makefile</itemPath>
    </logicalFolder>
  </logicalFolder>
  <projectmakefile>Makefile</projectmakefile>
  <confs>
    <conf name="Default" type="2">
      <toolsSet>
        <developmentServer>localhost</developmentServer>
        <targetDevice>ATSAME51J20A</targetDevice>
        <targetHeader></targetHeader>
        <targetPluginBoard></targetPluginBoard>
        <platformTool>nEdbgTool</platformTool>
        <languageToolchain>XC32</languageToolchain>
        <languageToolchainVersion>3.01</languageToolchainVersion>
        <platform>3</platform>
      </toolsSet>
      <packs>
        <pack name="SAME51_DFP" vendor="Microchip" version="3.3.85"/>
        <pack name="CMSIS" vendor="ARM" version="5.4.0"/>
      </packs>
      <ScriptingSettings>
      </ScriptingSettings>
      <compileType>
        <linkerTool>
          <linkerLibItems>
          </linkerLibItems>
        </linkerTool>
        <archiverTool>
        </archiverTool>
        <loading>
          <useAlternateLoadableFile>false</useAlternateLoadableFile>
          <parseOnProdLoad>false</parseOnProdLoad>
          <alternateLoadableFile></alternateLoadableFile>
        </loading>
        <subordinates>
        </subordinates>
      </compileType>
      <makeCustomizationType>
        <makeCustomizationPreStepEnabled>false</makeCustomizationPreStepEnabled>
        <makeUseCleanTarget>false</makeUseCleanTarget>
        <makeCustomizationPreStep></makeCustomizationPreStep>
        <makeCustomizationPostStepEnabled>false</makeCustomizationPostStepEnabled>
        <makeCustomizationPostStep></makeCustomizationPostStep>
        <makeCustomizationPutChecksumInUserID>false</makeCustomizationPutChecksumInUserID>
        <makeCustomizationEnableLongLines>false</makeCustomizationEnableLongLines>
        <makeCustomizationNormalizeHexFile>false</makeCustomizationNormalizeHexFile>
      </makeCustomizationType>
      <C32>
        <property key="additional-warnings" value="false"/>
        <property key="addresss-attribute-use" value="false"/>
        <property key="enable-app-io" value="false"/>
        <property key="enable-omit-frame-pointer" value="false"/>
        <property key="enable-symbols" value="true"/>
        <property key="enable-unroll-loops" value="false"/>
        <property key="exclude-floating-point" value="false"/>
        <property key="extra-include-directories" value=""/>
        <property key="generate-16-bit-code" value="false"/>
        <property key="generate-micro-compressed-code" value="false"/>
        <property key="isolate-each-function" value="false"/>
        <property key="make-warnings-into-errors" value="false"/>
        <property key="optimization-level" value=""/>
        <property key="place-data-into-section" value="false"/>
        <property key="post-instruction-scheduling" value="default"/>
        <property key="pre-instruction-scheduling" value="default"/>
        <property key="preprocessor-macros" value=""/>
        <property key="strict-ansi" value="false"/>
        <property key="support-ansi" value="false"/>
        <property key="toplevel-reordering" value=""/>
        <property key="unaligned-access" value=""/>
        <property key="use-cci" value="false"/>
        <property key="use-iar" value="false"/>
        <property key="use-indirect-calls" value="false"/>
      </C32>
      <C32-AR>
        <property key="additional-options-chop-files" value="false"/>
      </C32-AR>
      <C32-AS>
        <property key="assembler-symbols" value=""/>
        <property key="enable-symbols" value="true"/>
        <property key="exclude-floating-point-library" value="false"/>
        <property key="expand-macros" value="false"/>
        <property key="extra-include-directories-for-assembler" value=""/>
        <property key="extra-include-directories-for-preprocessor" value=""/>
        <property key="false-conditionals" value="false"/>
        <property key="generate-16-bit-code" value="false"/>
        <property key="generate-micro-compressed-code" value="false"/>
        <property key="keep-locals" value="false"/>
        <property key="list-assembly" value="false"/>
        <property key="list-source" value="false"/>
        <property key="list-symbols" value="false"/>
        <property key="oXC32asm-list-to-file" value="false"/>
        <property key="omit-debug-dirs" value="false"/>
        <property key="omit-forms" value="false"/>
        <property key="preprocessor-macros" value=""/>
        <property key="warning-level" value=""/>
      </C32-AS>
      <C32-CO>
        <property key="coverage-enable" value=""/>
      </C32-CO>
      <C32-LD>
        <property key="additional-options-use-response-files" value="false"/>
        <property key="additional-options-write-sla" value="false"/>
        <property key="allocate-dinit" value="false"/>
        <property key="code-dinit" value="false"/>
        <property key="ebase-addr" value=""/>
        <property key="enable-check-sections" value="false"/>
        <property key="exclude-floating-point-library" value="false"/>
        <property key="exclude-standard-libraries" value="false"/>
        <property key="extra-lib-directories" value="gcc/gcc"/>
        <property key="fill-flash-options-addr" value=""/>
        <property key="fill-flash-options-const" value=""/>
        <property key="fill-flash-options-how" value="0"/>
        <property key="fill-flash-options-inc-const" value="1"/>
        <property key="fill-flash-options-increment" value=""/>
        <property key="fill-flash-options-seq" value=""/>
        <property key="fill-flash-options-what" value="0"/>
        <property key="generate-16-bit-code" value="false"/>
        <property key="generate-cross-reference-file" value="false"/>
        <property key="generate-micro-compressed-code" value="false"/>
        <property key="heap-size" value=""/>
        <property key="input-libraries" value=""/>
        <property key="kseg-length" value=""/>
        <property key="kseg-origin" value=""/>
        <property key="linker-symbols" value=""/>
        <property key="map-file" value="${DISTDIR}/${PROJECTNAME}.${IMAGE_TYPE}.map"/>
        <property key="no-device-startup-code" value="false"/>
        <property key="no-startup-files" value="false"/>
        <property key="oXC32ld-extra-opts" value=""/>
        <property key="optimization-level" value=""/>
        <property key="preprocessor-macros" value=""/>
        <property key="remove-unused-sections" value="false"/>
        <property key="report-memory-usage" value="false"/>
        <property key="serial-length" value=""/>
        <property key="serial-origin" value=""/>
        <property key="stack-size" value=""/>
        <property key="symbol-stripping" value=""/>
        <property key="trace-symbols" value=""/>
        <property key="warn-section-align" value="false"/>
      </C32-LD>
      <C32CPP>
        <property key="additional-warnings" value="false"/>
        <property key="addresss-attribute-use" value="false"/>
        <property key="check-new" value="false"/>
        <property key="eh-specs" value="true"/>
        <property key="enable-app-io" value="false"/>
        <property key="enable-omit-frame-pointer" value="false"/>
        <property key="enable-symbols" value="true"/>
        <property key="enable-unroll-loops" value="false"/>
        <property key="exceptions" value="true"/>
        <property key="exclude-floating-point" value="false"/>
        <property key="extra-include-directories" value=""/>
        <property key="generate-16-bit-code" value="false"/>
        <property key="generate-micro-compressed-code" value="false"/>
        <property key="isolate-each-function" value="false"/>
        <property key="make-warnings-into-errors" value="false"/>
        <property key="optimization-level" value=""/>
        <property key="place-data-into-section" value="false"/>
        <property key="post-instruction-scheduling" value="default"/>
        <property key="pre-instruction-scheduling" value="default"/>
        <property key="preprocessor-macros" value=""/>
        <property key="rtti" value="true"/>
        <property key="strict-ansi" value="false"/>
        <property key="toplevel-reordering" value=""/>
        <property key="unaligned-access" value=""/>
        <property key="use-cci" value="false"/>
        <property key="use-iar" value="false"/>
        <property key="use-indirect-calls" value="false"/>
      </C32CPP>
      <C32Global>
        <property key="common-include-directories"
                  value="config;examples;hal/include;hal/utils/include;hpl/cmcc;hpl/core;hpl/dmac;hpl/gclk;hpl/mclk;hpl/osc32kctrl;hpl/oscctrl;hpl/pm;hpl/port;hpl/ramecc;hpl/sercom;hri;CMSIS/Core/Include;include;.\."/>
        <property key="gp-relative-option" value=""/>
        <property key="legacy-libc" value="false"/>
        <property key="mdtcm" value=""/>
        <property key="mitcm" value=""/>
        <property key="mstacktcm" value="false"/>
        <property key="omit-pack-options" value="1"/>
        <property key="relaxed-math" value="false"/>
        <property key="save-temps" value="false"/>
        <property key="wpo-lto" value="false"/>
      </C32Global>
      <Tool>
        <property key="AutoSelectMemRanges" value="auto"/>
        <property key="communication.activationmode" value="nohv"/>
        <property key="communication.interface" value="swd"/>
        <property key="communication.speed" value="2.000"/>
        <property key="debugoptions.useswbreakpoints" value="false"/>
        <property key="firmware.path"
                  value="Press to browse for a specific firmware version"/>
        <property key="firmware.toolpack"
                  value="Press to select which tool pack to use"/>
        <property key="firmware.update.action" value="firmware.update.use.latest"/>
        <property key="freeze.timers" value="false"/>
        <property key="memories.aux" value="false"/>
        <property key="memories.bootflash" value="true"/>
        <property key="memories.configurationmemory" value="true"/>
        <property key="memories.configurationmemory2" value="true"/>
        <property key="memories.dataflash" value="true"/>
        <property key="memories.eeprom" value="true"/>
        <property key="memories.exclude.configurationmemory" value="true"/>
        <property key="memories.flashdata" value="true"/>
        <property key="memories.id" value="true"/>
        <property key="memories.instruction.ram.ranges"
                  value="${memories.instruction.ram.ranges}"/>
        <property key="memories.programmemory" value="true"/>
        <property key="memories.programmemory.ranges" value="0-fffff"/>
        <property key="memories.rww" value="true"/>
        <property key="poweroptions.powerenable" value="false"/>
        <property key="programoptions.eraseb4program" value="true"/>
        <property key="programoptions.preservedataflash" value="false"/>
        <property key="programoptions.preservedataflash.ranges"
                  value="${memories.dataflash.default}"/>
        <property key="programoptions.preserveeeprom" value="false"/>
        <property key="programoptions.preserveeeprom.ranges" value=""/>
        <property key="programoptions.preserveprogram.ranges" value=""/>
        <property key="programoptions.preserveprogramrange" value="false"/>
        <property key="programoptions.preserveuserid" value="false"/>
        <property key="programoptions.programuserotp" value="false"/>
        <property key="toolpack.updateoptions"
                  value="toolpack.updateoptions.uselatestoolpack"/>
        <property key="toolpack.updateoptions.packversion"
                  value="Press to select which tool pack to use"/>
        <property key="voltagevalue" value=""/>
      </Tool>
      <nEdbgTool>
        <property key="AutoSelectMemRanges" value="auto"/>
        <property key="communication.activationmode" value="nohv"/>
        <property key="communication.interface" value="swd"/>
        <property key="communication.speed" value="2.000"/>
        <property key="debugoptions.useswbreakpoints" value="false"/>
        <property key="firmware.path"
                  value="Press to browse for a specific firmware version"/>
        <property key="firmware.toolpack"
                  value="Press to select which tool pack to use"/>
        <property key="firmware.update.action" value="firmware.update.use.latest"/>
        <property key="freeze.timers" value="false"/>
        <property key="memories.aux" value="false"/>
        <property key="memories.bootflash" value="true"/>
        <property key="memories.configurationmemory" value="true"/>
        <property key="memories.configurationmemory2" value="true"/>
        <property key="memories.dataflash" value="true"/>
        <property key="memories.eeprom" value="true"/>
        <property key="memories.exclude.configurationmemory" value="true"/>
        <property key="memories.flashdata" value="true"/>
        <property key="memories.id" value="true"/>
        <property key="memories.instruction.ram.ranges"
                  value="${memories.instruction.ram.ranges}"/>
        <property key="memories.programmemory" value="true"/>
        <property key="memories.programmemory.ranges" value="0-fffff"/>
        <property key="memories.rww" value="true"/>
        <property key="poweroptions.powerenable" value="false"/>
        <property key="programoptions.eraseb4program" value="true"/>
        <property key="programoptions.preservedataflash" value="false"/>
        <property key="programoptions.preservedataflash.ranges"
                  value="${memories.dataflash.default}"/>
        <property key="programoptions.preserveeeprom" value="false"/>
        <property key="programoptions.preserveeeprom.ranges" value=""/>
        <property key="programoptions.preserveprogram.ranges" value=""/>
        <property key="programoptions.preserveprogramrange" value="false"/>
        <property key="programoptions.preserveuserid" value="false"/>
        <property key="programoptions.programuserotp" value="false"/>
        <property key="toolpack.updateoptions"
                  value="toolpack.updateoptions.uselatestoolpack"/>
        <property key="toolpack.updateoptions.packversion"
                  value="Press to select which tool pack to use"/>
        <property key="voltagevalue" value=""/>
      </nEdbgTool>
    </conf>
  </confs>
</configurationDescriptor>
